{"type": "block", "layer": 0, "block": 0, "features": [{"geom": {"polygons": [[[[21.994413688016003, -29.4485651116938], [-21.994413687942505, -29.4485651116938], [-21.994413687942505, 29.398829715533008], [21.994413688016003, 29.398829715533008], [21.994413688016003, -29.4485651116938]]]], "centroids": [[3.5282887722587475e-11, -0.02486769808039668, 0.0]], "h": 0.0}, "mtl": 0}]}